{
  "fotos": [
    {
      "id": 1,
      "imagem": "https://cdn.pixabay.com/photo/2015/09/30/16/06/feet-965688__340.jpg",
      "titulo": "Tênis rosa"
    },
    {
      "id": 3,
      "imagem": "https://cdn.pixabay.com/photo/2018/11/30/01/03/winter-boots-3846863__340.jpg",
      "titulo": "Bota azul"
    },
    {
      "id": 4,
      "imagem": "https://cdn.pixabay.com/photo/2015/11/08/14/11/shoes-1033637__340.jpg",
      "titulo": "Sapatilhas coloridas"
    },
    {
      "id": 6,
      "imagem": "https://cdn.pixabay.com/photo/2017/09/13/19/59/converse-2746800__340.jpg",
      "titulo": "All-Star vermelho"
    },
    {
      "imagem": "https://cdn.pixabay.com/photo/2021/10/11/18/56/shoes-6701631__340.jpg",
      "titulo": "Sandália dourada",
      "id": 7
    }
  ]
}